PG,SG,SF,PF,C,G,F,UTIL,,Instructions
,,,,,,,,,1. Locate the player you want to select in the list below 
,,,,,,,,,2. Copy the ID of your player (you can use the Name + ID column or the ID column) 
,,,,,,,,,3. Paste the ID into the roster position desired 
,,,,,,,,,4. You must include an ID for each player; you cannot use just the player's name 
,,,,,,,,,5. You can create up to 500 lineups per file 
 
,,,,,,,,,Position,Name + ID,Name,ID,Roster Position,Salary,Game Info,TeamAbbrev,AvgPointsPerGame
,,,,,,,,,PF/C,Anthony Davis (11848635),Anthony Davis,11848635,PF/C/F/UTIL,11500,NO@SAC 12/23/2018 06:00PM ET,NO,60.11
,,,,,,,,,PG,Russell Westbrook (11848639),Russell Westbrook,11848639,PG/G/UTIL,11000,MIN@OKC 12/23/2018 08:00PM ET,OKC,55.30
,,,,,,,,,SF/PF,LeBron James (11848642),LeBron James,11848642,SF/PF/F/UTIL,10900,MEM@LAL 12/23/2018 09:30PM ET,LAL,52.97
,,,,,,,,,PG/SG,Stephen Curry (11848646),Stephen Curry,11848646,PG/SG/G/UTIL,9700,LAC@GS 12/23/2018 08:30PM ET,GS,47.40
,,,,,,,,,SF/PF,Kevin Durant (11848650),Kevin Durant,11848650,SF/PF/F/UTIL,9400,LAC@GS 12/23/2018 08:30PM ET,GS,50.96
,,,,,,,,,C,Nikola Vucevic (11848654),Nikola Vucevic,11848654,C/UTIL,9300,MIA@ORL 12/23/2018 06:00PM ET,ORL,45.96
,,,,,,,,,SF/PF,Paul George (11848656),Paul George,11848656,SF/PF/F/UTIL,9200,MIN@OKC 12/23/2018 08:00PM ET,OKC,49.52
,,,,,,,,,PG/SG,Jrue Holiday (11848660),Jrue Holiday,11848660,PG/SG/G/UTIL,9100,NO@SAC 12/23/2018 06:00PM ET,NO,43.96
,,,,,,,,,PG,Kyrie Irving (11848664),Kyrie Irving,11848664,PG/G/UTIL,9000,CHA@BOS 12/23/2018 06:00PM ET,BOS,43.01
,,,,,,,,,C,Karl-Anthony Towns (11848667),Karl-Anthony Towns,11848667,C/UTIL,8900,MIN@OKC 12/23/2018 08:00PM ET,MIN,44.85
,,,,,,,,,PG,Damian Lillard (11848669),Damian Lillard,11848669,PG/G/UTIL,8700,DAL@POR 12/23/2018 09:00PM ET,POR,45.31
,,,,,,,,,PG/SG,Devin Booker (11848672),Devin Booker,11848672,PG/SG/G/UTIL,8600,PHO@BKN 12/23/2018 06:00PM ET,PHO,42.25
,,,,,,,,,PG,Kemba Walker (11848676),Kemba Walker,11848676,PG/G/UTIL,8500,CHA@BOS 12/23/2018 06:00PM ET,CHA,43.90
,,,,,,,,,SG/SF,Luka Doncic (11848679),Luka Doncic,11848679,SG/SF/F/G/UTIL,8100,DAL@POR 12/23/2018 09:00PM ET,DAL,36.82
,,,,,,,,,PF/C,Kevin Love (11848684),Kevin Love,11848684,PF/C/F/UTIL,8000,CHI@CLE 12/23/2018 06:00PM ET,CLE,42.88
,,,,,,,,,PG,Mike Conley (11848688),Mike Conley,11848688,PG/G/UTIL,7900,MEM@LAL 12/23/2018 09:30PM ET,MEM,38.45
,,,,,,,,,PF/C,Julius Randle (11848691),Julius Randle,11848691,PF/C/F/UTIL,7800,NO@SAC 12/23/2018 06:00PM ET,NO,37.44
,,,,,,,,,PG,De'Aaron Fox (11848695),De'Aaron Fox,11848695,PG/G/UTIL,7700,NO@SAC 12/23/2018 06:00PM ET,SAC,37.48
,,,,,,,,,SF/PF,Tobias Harris (11848698),Tobias Harris,11848698,SF/PF/F/UTIL,7600,LAC@GS 12/23/2018 08:30PM ET,LAC,37.37
,,,,,,,,,C,Marc Gasol (11848706),Marc Gasol,11848706,C/UTIL,7500,MEM@LAL 12/23/2018 09:30PM ET,MEM,39.09
,,,,,,,,,PF/C,Larry Nance Jr. (11848702),Larry Nance Jr.,11848702,PF/C/F/UTIL,7500,CHI@CLE 12/23/2018 06:00PM ET,CLE,26.74
,,,,,,,,,C,Steven Adams (11848710),Steven Adams,11848710,C/UTIL,7400,MIN@OKC 12/23/2018 08:00PM ET,OKC,35.82
,,,,,,,,,PF,Lauri Markkanen (11848716),Lauri Markkanen,11848716,PF/F/UTIL,7300,CHI@CLE 12/23/2018 06:00PM ET,CHI,31.6
,,,,,,,,,C,Deandre Ayton (11848708),Deandre Ayton,11848708,C/UTIL,7300,PHO@BKN 12/23/2018 06:00PM ET,PHO,35.89
,,,,,,,,,PG/SG,D'Angelo Russell (11848712),D'Angelo Russell,11848712,PG/SG/G/UTIL,7300,PHO@BKN 12/23/2018 06:00PM ET,BKN,34.26
,,,,,,,,,PG/SG,Kris Dunn (11848723),Kris Dunn,11848723,PG/SG/G/UTIL,7200,CHI@CLE 12/23/2018 06:00PM ET,CHI,28.5
,,,,,,,,,PG/SG,Spencer Dinwiddie (11848719),Spencer Dinwiddie,11848719,PG/SG/G/UTIL,7200,PHO@BKN 12/23/2018 06:00PM ET,BKN,29.90
,,,,,,,,,SG/SF,Josh Richardson (11848727),Josh Richardson,11848727,SG/SF/F/G/UTIL,7100,MIA@ORL 12/23/2018 06:00PM ET,MIA,32.66
,,,,,,,,,PG/SG,Zach LaVine (11848736),Zach LaVine,11848736,PG/SG/G/UTIL,7000,CHI@CLE 12/23/2018 06:00PM ET,CHI,39.09
,,,,,,,,,SF/PF,Aaron Gordon (11848732),Aaron Gordon,11848732,SF/PF/F/UTIL,7000,MIA@ORL 12/23/2018 06:00PM ET,ORL,33.09
,,,,,,,,,SF/PF,Kyle Kuzma (11848744),Kyle Kuzma,11848744,SF/PF/F/UTIL,6900,MEM@LAL 12/23/2018 09:30PM ET,LAL,31.31
,,,,,,,,,SF/PF,Danilo Gallinari (11848740),Danilo Gallinari,11848740,SF/PF/F/UTIL,6900,LAC@GS 12/23/2018 08:30PM ET,LAC,33.05
,,,,,,,,,C,Jusuf Nurkic (11848750),Jusuf Nurkic,11848750,C/UTIL,6800,DAL@POR 12/23/2018 09:00PM ET,POR,35.27
,,,,,,,,,C,Hassan Whiteside (11848748),Hassan Whiteside,11848748,C/UTIL,6700,MIA@ORL 12/23/2018 06:00PM ET,MIA,37.98
,,,,,,,,,PG/SG,Derrick Rose (11848757),Derrick Rose,11848757,PG/SG/G/UTIL,6700,MIN@OKC 12/23/2018 08:00PM ET,MIN,30.68
,,,,,,,,,SG/SF,Buddy Hield (11848752),Buddy Hield,11848752,SG/SF/F/G/UTIL,6700,NO@SAC 12/23/2018 06:00PM ET,SAC,32.62
,,,,,,,,,C,DeAndre Jordan (11848769),DeAndre Jordan,11848769,C/UTIL,6600,DAL@POR 12/23/2018 09:00PM ET,DAL,35.66
,,,,,,,,,SF/PF,T.J. Warren (11848765),T.J. Warren,11848765,SF/PF/F/UTIL,6600,PHO@BKN 12/23/2018 06:00PM ET,PHO,30.31
,,,,,,,,,PF/C,Nikola Mirotic (11848761),Nikola Mirotic,11848761,PF/C/F/UTIL,6600,NO@SAC 12/23/2018 06:00PM ET,NO,34.57
,,,,,,,,,C,Tristan Thompson (11848778),Tristan Thompson,11848778,C/UTIL,6500,CHI@CLE 12/23/2018 06:00PM ET,CLE,32.20
,,,,,,,,,SG,Klay Thompson (11848771),Klay Thompson,11848771,SG/G/UTIL,6500,LAC@GS 12/23/2018 08:30PM ET,GS,34.26
,,,,,,,,,SF/PF,Jayson Tatum (11848774),Jayson Tatum,11848774,SF/PF/F/UTIL,6500,CHA@BOS 12/23/2018 06:00PM ET,BOS,31.10
,,,,,,,,,PF/C,Draymond Green (11848780),Draymond Green,11848780,PF/C/F/UTIL,6400,LAC@GS 12/23/2018 08:30PM ET,GS,31.13
,,,,,,,,,PG/SG,Lou Williams (11848784),Lou Williams,11848784,PG/SG/G/UTIL,6400,LAC@GS 12/23/2018 08:30PM ET,LAC,27.95
,,,,,,,,,PG,Lonzo Ball (11848792),Lonzo Ball,11848792,PG/G/UTIL,6300,MEM@LAL 12/23/2018 09:30PM ET,LAL,26.48
,,,,,,,,,SF/PF,Robert Covington (11848788),Robert Covington,11848788,SF/PF/F/UTIL,6300,MIN@OKC 12/23/2018 08:00PM ET,MIN,29.03
,,,,,,,,,PG/SG,CJ McCollum (11848799),CJ McCollum,11848799,PG/SG/G/UTIL,6200,DAL@POR 12/23/2018 09:00PM ET,POR,32.36
,,,,,,,,,PF/C,Al Horford (11848795),Al Horford,11848795,PF/C/F/UTIL,6200,CHA@BOS 12/23/2018 06:00PM ET,BOS,30.43
,,,,,,,,,PF/C,Montrezl Harrell (11848805),Montrezl Harrell,11848805,PF/C/F/UTIL,6100,LAC@GS 12/23/2018 08:30PM ET,LAC,30.63
,,,,,,,,,C,Willie Cauley-Stein (11848803),Willie Cauley-Stein,11848803,C/UTIL,6100,NO@SAC 12/23/2018 06:00PM ET,SAC,31.15
,,,,,,,,,SF/PF,Harrison Barnes (11848809),Harrison Barnes,11848809,SF/PF/F/UTIL,6000,DAL@POR 12/23/2018 09:00PM ET,DAL,27.94
,,,,,,,,,PG/SG,Caris LeVert (11848818),Caris LeVert,11848818,PG/SG/G/UTIL,6000,PHO@BKN 12/23/2018 06:00PM ET,BKN,32.04
,,,,,,,,,PF/C,DeMarcus Cousins (11848822),DeMarcus Cousins,11848822,PF/C/F/UTIL,6000,LAC@GS 12/23/2018 08:30PM ET,GS,0
,,,,,,,,,SG/SF,Andrew Wiggins (11848813),Andrew Wiggins,11848813,SG/SF/F/G/UTIL,6000,MIN@OKC 12/23/2018 08:00PM ET,MIN,28.14
,,,,,,,,,PG,Jeff Teague (11848826),Jeff Teague,11848826,PG/G/UTIL,6000,MIN@OKC 12/23/2018 08:00PM ET,MIN,29.47
,,,,,,,,,PG/SG,Jordan Clarkson (11848829),Jordan Clarkson,11848829,PG/SG/G/UTIL,5900,CHI@CLE 12/23/2018 06:00PM ET,CLE,26.22
,,,,,,,,,PF/C,Jaren Jackson Jr. (11848833),Jaren Jackson Jr.,11848833,PF/C/F/UTIL,5800,MEM@LAL 12/23/2018 09:30PM ET,MEM,25.82
,,,,,,,,,SG/SF,Evan Fournier (11848837),Evan Fournier,11848837,SG/SF/F/G/UTIL,5700,MIA@ORL 12/23/2018 06:00PM ET,ORL,27.11
,,,,,,,,,SF/PF,Marcus Morris (11848842),Marcus Morris,11848842,SF/PF/F/UTIL,5700,CHA@BOS 12/23/2018 06:00PM ET,BOS,27.05
,,,,,,,,,SG/SF,Jeremy Lamb (11848846),Jeremy Lamb,11848846,SG/SF/F/G/UTIL,5700,CHA@BOS 12/23/2018 06:00PM ET,CHA,28.23
,,,,,,,,,PG/SG,Brandon Ingram (11848855),Brandon Ingram,11848855,PG/SG/G/UTIL,5600,MEM@LAL 12/23/2018 09:30PM ET,LAL,25.63
,,,,,,,,,PG,Dennis Smith Jr. (11848859),Dennis Smith Jr.,11848859,PG/G/UTIL,5600,DAL@POR 12/23/2018 09:00PM ET,DAL,25.48
,,,,,,,,,SF/PF,Marvin Williams (11848851),Marvin Williams,11848851,SF/PF/F/UTIL,5600,CHA@BOS 12/23/2018 06:00PM ET,CHA,22.16
,,,,,,,,,PG,Goran Dragic (11848866),Goran Dragic,11848866,PG/G/UTIL,5500,MIA@ORL 12/23/2018 06:00PM ET,MIA,28.05
,,,,,,,,,PG/SG,Dennis Schroder (11848862),Dennis Schroder,11848862,PG/SG/G/UTIL,5500,MIN@OKC 12/23/2018 08:00PM ET,OKC,29.9
,,,,,,,,,SG/SF,Justin Holiday (11848871),Justin Holiday,11848871,SG/SF/F/G/UTIL,5400,CHI@CLE 12/23/2018 06:00PM ET,CHI,26.91
,,,,,,,,,C,Jarrett Allen (11848869),Jarrett Allen,11848869,C/UTIL,5400,PHO@BKN 12/23/2018 06:00PM ET,BKN,28.44
,,,,,,,,,PG,Elfrid Payton (11848876),Elfrid Payton,11848876,PG/G/UTIL,5400,NO@SAC 12/23/2018 06:00PM ET,NO,26.12
,,,,,,,,,PG/SG,Tyler Johnson (11848879),Tyler Johnson,11848879,PG/SG/G/UTIL,5300,MIA@ORL 12/23/2018 06:00PM ET,MIA,20.79
,,,,,,,,,SG/SF,Gordon Hayward (11848887),Gordon Hayward,11848887,SG/SF/F/G/UTIL,5300,CHA@BOS 12/23/2018 06:00PM ET,BOS,25.20
,,,,,,,,,PF/C,Marvin Bagley III (11848883),Marvin Bagley III,11848883,PF/C/F/UTIL,5300,NO@SAC 12/23/2018 06:00PM ET,SAC,24.22
,,,,,,,,,PG/SG,Dwyane Wade (11848896),Dwyane Wade,11848896,PG/SG/G/UTIL,5200,MIA@ORL 12/23/2018 06:00PM ET,MIA,26.41
,,,,,,,,,PF/C,Rondae Hollis-Jefferson (11848892),Rondae Hollis-Jefferson,11848892,PF/C/F/UTIL,5200,PHO@BKN 12/23/2018 06:00PM ET,BKN,22.63
,,,,,,,,,PF/C,Bobby Portis (11848904),Bobby Portis,11848904,PF/C/F/UTIL,5100,CHI@CLE 12/23/2018 06:00PM ET,CHI,26.11
,,,,,,,,,SF/PF,Derrick Jones Jr. (11848900),Derrick Jones Jr.,11848900,SF/PF/F/UTIL,5100,MIA@ORL 12/23/2018 06:00PM ET,MIA,15.82
,,,,,,,,,PG/SG,J.J. Barea (11848916),J.J. Barea,11848916,PG/SG/G/UTIL,5000,DAL@POR 12/23/2018 09:00PM ET,DAL,24.01
,,,,,,,,,PF,Dario Saric (11848908),Dario Saric,11848908,PF/F/UTIL,5000,MIN@OKC 12/23/2018 08:00PM ET,MIN,23.09
,,,,,,,,,SG/SF,Bogdan Bogdanovic (11848911),Bogdan Bogdanovic,11848911,SG/SF/F/G/UTIL,5000,NO@SAC 12/23/2018 06:00PM ET,SAC,26.32
,,,,,,,,,SG/SF,Kelly Oubre Jr. (11848924),Kelly Oubre Jr.,11848924,SG/SF/F/G/UTIL,4900,PHO@BKN 12/23/2018 06:00PM ET,PHO,23.27
,,,,,,,,,SF/PF,Nemanja Bjelica (11848920),Nemanja Bjelica,11848920,SF/PF/F/UTIL,4900,NO@SAC 12/23/2018 06:00PM ET,SAC,24.62
,,,,,,,,,PG/SF,Kyle Anderson (11848932),Kyle Anderson,11848932,PG/SF/F/G/UTIL,4800,MEM@LAL 12/23/2018 09:30PM ET,MEM,22.88
,,,,,,,,,C,JaVale McGee (11848942),JaVale McGee,11848942,C/UTIL,4800,MEM@LAL 12/23/2018 09:30PM ET,LAL,27.37
,,,,,,,,,PG,Rajon Rondo (11848957),Rajon Rondo,11848957,PG/G/UTIL,4800,MEM@LAL 12/23/2018 09:30PM ET,LAL,25.83
,,,,,,,,,PG,Collin Sexton (11848929),Collin Sexton,11848929,PG/G/UTIL,4800,CHI@CLE 12/23/2018 06:00PM ET,CLE,23.03
,,,,,,,,,PF/C,Wendell Carter Jr. (11848949),Wendell Carter Jr.,11848949,PF/C/F/UTIL,4800,CHI@CLE 12/23/2018 06:00PM ET,CHI,25.21
,,,,,,,,,PG/SF,Justise Winslow (11848944),Justise Winslow,11848944,PG/SF/F/G/UTIL,4800,MIA@ORL 12/23/2018 06:00PM ET,MIA,24.22
,,,,,,,,,SG/SF,Joe Harris (11848937),Joe Harris,11848937,SG/SF/F/G/UTIL,4800,PHO@BKN 12/23/2018 06:00PM ET,BKN,23.35
,,,,,,,,,PG/SG,Marcus Smart (11848953),Marcus Smart,11848953,PG/SG/G/UTIL,4800,CHA@BOS 12/23/2018 06:00PM ET,BOS,21.51
,,,,,,,,,SF/PF,Josh Jackson (11848965),Josh Jackson,11848965,SF/PF/F/UTIL,4700,PHO@BKN 12/23/2018 06:00PM ET,PHO,19.25
,,,,,,,,,PG/SG,Shai Gilgeous-Alexander (11848969),Shai Gilgeous-Alexander,11848969,PG/SG/G/UTIL,4700,LAC@GS 12/23/2018 08:30PM ET,LAC,21.73
,,,,,,,,,SG/SF,Jaylen Brown (11848960),Jaylen Brown,11848960,SG/SF/F/G/UTIL,4700,CHA@BOS 12/23/2018 06:00PM ET,BOS,21.76
,,,,,,,,,PF/C,Kelly Olynyk (11848973),Kelly Olynyk,11848973,PF/C/F/UTIL,4600,MIA@ORL 12/23/2018 06:00PM ET,MIA,20.93
,,,,,,,,,C,Cody Zeller (11848977),Cody Zeller,11848977,C/UTIL,4600,CHA@BOS 12/23/2018 06:00PM ET,CHA,22.52
,,,,,,,,,PF/C,Bam Adebayo (11848989),Bam Adebayo,11848989,PF/C/F/UTIL,4500,MIA@ORL 12/23/2018 06:00PM ET,MIA,22.25
,,,,,,,,,SG/SF,Allen Crabbe (11848984),Allen Crabbe,11848984,SG/SF/F/G/UTIL,4500,PHO@BKN 12/23/2018 06:00PM ET,BKN,17.78
,,,,,,,,,PF,Jerami Grant (11848993),Jerami Grant,11848993,PF/F/UTIL,4500,MIN@OKC 12/23/2018 08:00PM ET,OKC,23.60
,,,,,,,,,SG/SF,E'Twaun Moore (11848979),E'Twaun Moore,11848979,SG/SF/F/G/UTIL,4500,NO@SAC 12/23/2018 06:00PM ET,NO,21.85
,,,,,,,,,PG/SG,Alec Burks (11848996),Alec Burks,11848996,PG/SG/G/UTIL,4400,CHI@CLE 12/23/2018 06:00PM ET,CLE,17.9
,,,,,,,,,SG/SF,Rodney Hood (11849004),Rodney Hood,11849004,SG/SF/F/G/UTIL,4400,CHI@CLE 12/23/2018 06:00PM ET,CLE,21.09
,,,,,,,,,SG/SF,Terrence Ross (11849014),Terrence Ross,11849014,SG/SF/F/G/UTIL,4400,MIA@ORL 12/23/2018 06:00PM ET,ORL,22.36
,,,,,,,,,SF/PF,Al-Farouq Aminu (11849000),Al-Farouq Aminu,11849000,SF/PF/F/UTIL,4400,DAL@POR 12/23/2018 09:00PM ET,POR,23.09
,,,,,,,,,SG/SF,Nicolas Batum (11849009),Nicolas Batum,11849009,SG/SF/F/G/UTIL,4400,CHA@BOS 12/23/2018 06:00PM ET,CHA,22.94
,,,,,,,,,SG/SF,Garrett Temple (11849022),Garrett Temple,11849022,SG/SF/F/G/UTIL,4300,MEM@LAL 12/23/2018 09:30PM ET,MEM,19.84
,,,,,,,,,PG,D.J. Augustin (11849027),D.J. Augustin,11849027,PG/G/UTIL,4300,MIA@ORL 12/23/2018 06:00PM ET,ORL,21.44
,,,,,,,,,SG/SF,Wesley Matthews (11849030),Wesley Matthews,11849030,SG/SF/F/G/UTIL,4300,DAL@POR 12/23/2018 09:00PM ET,DAL,24.23
,,,,,,,,,PG,Tyus Jones (11849019),Tyus Jones,11849019,PG/G/UTIL,4300,MIN@OKC 12/23/2018 08:00PM ET,MIN,13.09
,,,,,,,,,SF/PF,Rodions Kurucs (11849035),Rodions Kurucs,11849035,SF/PF/F/UTIL,4200,PHO@BKN 12/23/2018 06:00PM ET,BKN,14.60
,,,,,,,,,PG/SG,Patrick Beverley (11849047),Patrick Beverley,11849047,PG/SG/G/UTIL,4200,LAC@GS 12/23/2018 08:30PM ET,LAC,19.03
,,,,,,,,,PF/C,Daniel Theis (11849039),Daniel Theis,11849039,PF/C/F/UTIL,4200,CHA@BOS 12/23/2018 06:00PM ET,BOS,14.70
,,,,,,,,,PF/C,Taj Gibson (11849043),Taj Gibson,11849043,PF/C/F/UTIL,4200,MIN@OKC 12/23/2018 08:00PM ET,MIN,23.90
,,,,,,,,,PG/SG,Tim Frazier (11849051),Tim Frazier,11849051,PG/SG/G/UTIL,4200,NO@SAC 12/23/2018 06:00PM ET,NO,15.43
,,,,,,,,,SG/SF,Evan Turner (11849064),Evan Turner,11849064,SG/SF/F/G/UTIL,4100,DAL@POR 12/23/2018 09:00PM ET,POR,21.77
,,,,,,,,,PF/C,Robert Williams (11849060),Robert Williams,11849060,PF/C/F/UTIL,4100,CHA@BOS 12/23/2018 06:00PM ET,BOS,11.35
,,,,,,,,,SG/SF,Josh Okogie (11849055),Josh Okogie,11849055,SG/SF/F/G/UTIL,4100,MIN@OKC 12/23/2018 08:00PM ET,MIN,14.31
,,,,,,,,,SF/PF,Darius Miller (11849069),Darius Miller,11849069,SF/PF/F/UTIL,4100,NO@SAC 12/23/2018 06:00PM ET,NO,13.25
,,,,,,,,,SF/PF,JaMychal Green (11849090),JaMychal Green,11849090,SF/PF/F/UTIL,4000,MEM@LAL 12/23/2018 09:30PM ET,MEM,22.52
,,,,,,,,,SF/PF,Cedi Osman (11849077),Cedi Osman,11849077,SF/PF/F/UTIL,4000,CHI@CLE 12/23/2018 06:00PM ET,CLE,22.63
,,,,,,,,,SF/PF,Jabari Parker (11849086),Jabari Parker,11849086,SF/PF/F/UTIL,4000,CHI@CLE 12/23/2018 06:00PM ET,CHI,28.62
,,,,,,,,,SF/PF,Jonathan Isaac (11849073),Jonathan Isaac,11849073,SF/PF/F/UTIL,4000,MIA@ORL 12/23/2018 06:00PM ET,ORL,19.52
,,,,,,,,,SG/SF,Dion Waiters (11849081),Dion Waiters,11849081,SG/SF/F/G/UTIL,4000,MIA@ORL 12/23/2018 06:00PM ET,MIA,0
,,,,,,,,,SF/PF,DeMarre Carroll (11849094),DeMarre Carroll,11849094,SF/PF/F/UTIL,3900,PHO@BKN 12/23/2018 06:00PM ET,BKN,17.49
,,,,,,,,,SG/SF,Mikal Bridges (11849098),Mikal Bridges,11849098,SG/SF/F/G/UTIL,3900,PHO@BKN 12/23/2018 06:00PM ET,PHO,16.80
,,,,,,,,,PG/SG,Terry Rozier (11849103),Terry Rozier,11849103,PG/SG/G/UTIL,3900,CHA@BOS 12/23/2018 06:00PM ET,BOS,19.93
,,,,,,,,,PG,Ryan Arcidiacono (11849115),Ryan Arcidiacono,11849115,PG/G/UTIL,3800,CHI@CLE 12/23/2018 06:00PM ET,CHI,18.18
,,,,,,,,,PG/SG,Matthew Dellavedova (11849118),Matthew Dellavedova,11849118,PG/SG/G/UTIL,3800,CHI@CLE 12/23/2018 06:00PM ET,CLE,11.71
,,,,,,,,,C,Mohamed Bamba (11849122),Mohamed Bamba,11849122,C/UTIL,3800,MIA@ORL 12/23/2018 06:00PM ET,ORL,17.44
,,,,,,,,,PF/C,Richaun Holmes (11849111),Richaun Holmes,11849111,PF/C/F/UTIL,3800,PHO@BKN 12/23/2018 06:00PM ET,PHO,17.02
,,,,,,,,,SF/PF,Michael Kidd-Gilchrist (11849107),Michael Kidd-Gilchrist,11849107,SF/PF/F/UTIL,3800,CHA@BOS 12/23/2018 06:00PM ET,CHA,19.78
,,,,,,,,,C,Ivica Zubac (11849124),Ivica Zubac,11849124,C/UTIL,3700,MEM@LAL 12/23/2018 09:30PM ET,LAL,9.21
,,,,,,,,,PG,Shelvin Mack (11849126),Shelvin Mack,11849126,PG/G/UTIL,3700,MEM@LAL 12/23/2018 09:30PM ET,MEM,18.05
,,,,,,,,,C,Tyson Chandler (11849135),Tyson Chandler,11849135,C/UTIL,3700,MEM@LAL 12/23/2018 09:30PM ET,LAL,14.46
,,,,,,,,,SG/SF,Kentavious Caldwell-Pope (11849155),Kentavious Caldwell-Pope,11849155,SG/SF/F/G/UTIL,3700,MEM@LAL 12/23/2018 09:30PM ET,LAL,15.65
,,,,,,,,,SF/PF,James Johnson (11849129),James Johnson,11849129,SF/PF/F/UTIL,3700,MIA@ORL 12/23/2018 06:00PM ET,MIA,17.64
,,,,,,,,,SG/SF,Jonathon Simmons (11849137),Jonathon Simmons,11849137,SG/SF/F/G/UTIL,3700,MIA@ORL 12/23/2018 06:00PM ET,ORL,14.80
,,,,,,,,,PG,De'Anthony Melton (11849149),De'Anthony Melton,11849149,PG/G/UTIL,3700,PHO@BKN 12/23/2018 06:00PM ET,PHO,16.95
,,,,,,,,,C,Boban Marjanovic (11849133),Boban Marjanovic,11849133,C/UTIL,3700,LAC@GS 12/23/2018 08:30PM ET,LAC,16.08
,,,,,,,,,SG,Avery Bradley (11849152),Avery Bradley,11849152,SG/G/UTIL,3700,LAC@GS 12/23/2018 08:30PM ET,LAC,14.69
,,,,,,,,,PG,Tony Parker (11849142),Tony Parker,11849142,PG/G/UTIL,3700,CHA@BOS 12/23/2018 06:00PM ET,CHA,18.88
,,,,,,,,,SF/PF,Solomon Hill (11849145),Solomon Hill,11849145,SF/PF/F/UTIL,3700,NO@SAC 12/23/2018 06:00PM ET,NO,12.36
,,,,,,,,,PG/SG,Josh Hart (11849180),Josh Hart,11849180,PG/SG/G/UTIL,3600,MEM@LAL 12/23/2018 09:30PM ET,LAL,18.16
,,,,,,,,,PG,Shaquille Harrison (11849160),Shaquille Harrison,11849160,PG/G/UTIL,3600,CHI@CLE 12/23/2018 06:00PM ET,CHI,15.03
,,,,,,,,,PG,Jalen Brunson (11849169),Jalen Brunson,11849169,PG/G/UTIL,3600,DAL@POR 12/23/2018 09:00PM ET,DAL,11.69
,,,,,,,,,SF/PF,Dorian Finney-Smith (11849172),Dorian Finney-Smith,11849172,SF/PF/F/UTIL,3600,DAL@POR 12/23/2018 09:00PM ET,DAL,18.16
,,,,,,,,,PF/C,Kevon Looney (11849163),Kevon Looney,11849163,PF/C/F/UTIL,3600,LAC@GS 12/23/2018 08:30PM ET,GS,17.5
,,,,,,,,,C,Aron Baynes (11849167),Aron Baynes,11849167,C/UTIL,3600,CHA@BOS 12/23/2018 06:00PM ET,BOS,13.66
,,,,,,,,,PF/C,Cheick Diallo (11849176),Cheick Diallo,11849176,PF/C/F/UTIL,3600,NO@SAC 12/23/2018 06:00PM ET,NO,10.28
,,,,,,,,,SG/SF,Lance Stephenson (11849210),Lance Stephenson,11849210,SG/SF/F/G/UTIL,3500,MEM@LAL 12/23/2018 09:30PM ET,LAL,16.42
,,,,,,,,,SF/PF,Jaron Blossomgame (11849215),Jaron Blossomgame,11849215,SF/PF/F/UTIL,3500,CHI@CLE 12/23/2018 06:00PM ET,CLE,12.65
,,,,,,,,,SG/SF,Rodney McGruder (11849192),Rodney McGruder,11849192,SG/SF/F/G/UTIL,3500,MIA@ORL 12/23/2018 06:00PM ET,MIA,22.30
,,,,,,,,,PF/C,Dwight Powell (11849184),Dwight Powell,11849184,PF/C/F/UTIL,3500,DAL@POR 12/23/2018 09:00PM ET,DAL,17.25
,,,,,,,,,PG/SG,Jamal Crawford (11849197),Jamal Crawford,11849197,PG/SG/G/UTIL,3500,PHO@BKN 12/23/2018 06:00PM ET,PHO,14.26
,,,,,,,,,PF/C,Jonas Jerebko (11849188),Jonas Jerebko,11849188,PF/C/F/UTIL,3500,LAC@GS 12/23/2018 08:30PM ET,GS,19.01
,,,,,,,,,SF/PF,Miles Bridges (11849201),Miles Bridges,11849201,SF/PF/F/UTIL,3500,CHA@BOS 12/23/2018 06:00PM ET,CHA,16.61
,,,,,,,,,SG/SF,Iman Shumpert (11849205),Iman Shumpert,11849205,SG/SF/F/G/UTIL,3500,NO@SAC 12/23/2018 06:00PM ET,SAC,19.41
,,,,,,,,,SF/PF,Moe Harkless (11849223),Moe Harkless,11849223,SF/PF/F/UTIL,3400,DAL@POR 12/23/2018 09:00PM ET,POR,13.71
,,,,,,,,,SF/PF,Jared Dudley (11849219),Jared Dudley,11849219,SF/PF/F/UTIL,3400,PHO@BKN 12/23/2018 06:00PM ET,BKN,12.88
,,,,,,,,,PF/C,Ed Davis (11849231),Ed Davis,11849231,PF/C/F/UTIL,3400,PHO@BKN 12/23/2018 06:00PM ET,BKN,18.17
,,,,,,,,,C,Marcin Gortat (11849227),Marcin Gortat,11849227,C/UTIL,3400,LAC@GS 12/23/2018 08:30PM ET,LAC,15.42
,,,,,,,,,PG/SG,Tyrone Wallace (11849235),Tyrone Wallace,11849235,PG/SG/G/UTIL,3400,LAC@GS 12/23/2018 08:30PM ET,LAC,7.86
,,,,,,,,,SG/SF,Andre Iguodala (11849239),Andre Iguodala,11849239,SG/SF/F/G/UTIL,3400,LAC@GS 12/23/2018 08:30PM ET,GS,16.38
,,,,,,,,,C,Guillermo Hernangomez (11849229),Guillermo Hernangomez,11849229,C/UTIL,3400,CHA@BOS 12/23/2018 06:00PM ET,CHA,15.28
,,,,,,,,,SF/PF,Justin Jackson (11849244),Justin Jackson,11849244,SF/PF/F/UTIL,3400,NO@SAC 12/23/2018 06:00PM ET,SAC,13.87
,,,,,,,,,C,Ante Zizic (11849250),Ante Zizic,11849250,C/UTIL,3300,CHI@CLE 12/23/2018 06:00PM ET,CLE,8.70
,,,,,,,,,PG/SG,Cameron Payne (11849252),Cameron Payne,11849252,PG/SG/G/UTIL,3300,CHI@CLE 12/23/2018 06:00PM ET,CHI,14.03
,,,,,,,,,SG/SF,Wes Iwundu (11849256),Wes Iwundu,11849256,SG/SF/F/G/UTIL,3300,MIA@ORL 12/23/2018 06:00PM ET,ORL,9.03
,,,,,,,,,PG,Jerian Grant (11849277),Jerian Grant,11849277,PG/G/UTIL,3300,MIA@ORL 12/23/2018 06:00PM ET,ORL,13.74
,,,,,,,,,PG/SG,Wayne Ellington (11849288),Wayne Ellington,11849288,PG/SG/G/UTIL,3300,MIA@ORL 12/23/2018 06:00PM ET,MIA,16.97
,,,,,,,,,PG/SG,Devin Harris (11849261),Devin Harris,11849261,PG/SG/G/UTIL,3300,DAL@POR 12/23/2018 09:00PM ET,DAL,13.18
,,,,,,,,,PG/SG,Shabazz Napier (11849265),Shabazz Napier,11849265,PG/SG/G/UTIL,3300,PHO@BKN 12/23/2018 06:00PM ET,BKN,14.12
,,,,,,,,,SF/PF,Mike Scott (11849269),Mike Scott,11849269,SF/PF/F/UTIL,3300,LAC@GS 12/23/2018 08:30PM ET,LAC,12.76
,,,,,,,,,C,Nerlens Noel (11849273),Nerlens Noel,11849273,C/UTIL,3300,MIN@OKC 12/23/2018 08:00PM ET,OKC,16.41
,,,,,,,,,PF/C,Gorgui Dieng (11849280),Gorgui Dieng,11849280,PF/C/F/UTIL,3300,MIN@OKC 12/23/2018 08:00PM ET,MIN,13.73
,,,,,,,,,C,Kosta Koufos (11849248),Kosta Koufos,11849248,C/UTIL,3300,NO@SAC 12/23/2018 06:00PM ET,SAC,14.29
,,,,,,,,,C,Jahlil Okafor (11849275),Jahlil Okafor,11849275,C/UTIL,3300,NO@SAC 12/23/2018 06:00PM ET,NO,7.25
,,,,,,,,,PG/SG,Yogi Ferrell (11849284),Yogi Ferrell,11849284,PG/SG/G/UTIL,3300,NO@SAC 12/23/2018 06:00PM ET,SAC,10.69
,,,,,,,,,SG/SF,Wayne Selden Jr. (11849294),Wayne Selden Jr.,11849294,SG/SF/F/G/UTIL,3200,MEM@LAL 12/23/2018 09:30PM ET,MEM,10.10
,,,,,,,,,SF/PF,Omri Casspi (11849299),Omri Casspi,11849299,SF/PF/F/UTIL,3200,MEM@LAL 12/23/2018 09:30PM ET,MEM,11.62
,,,,,,,,,PG/SG,Jevon Carter (11849321),Jevon Carter,11849321,PG/SG/G/UTIL,3200,MEM@LAL 12/23/2018 09:30PM ET,MEM,8.44
,,,,,,,,,C,Robin Lopez (11849292),Robin Lopez,11849292,C/UTIL,3200,CHI@CLE 12/23/2018 06:00PM ET,CHI,11.86
,,,,,,,,,SG/SF,David Nwaba (11849303),David Nwaba,11849303,SG/SF/F/G/UTIL,3200,CHI@CLE 12/23/2018 06:00PM ET,CLE,12.49
,,,,,,,,,PF/C,Khem Birch (11849325),Khem Birch,11849325,PF/C/F/UTIL,3200,MIA@ORL 12/23/2018 06:00PM ET,ORL,6.12
,,,,,,,,,PF/C,Meyers Leonard (11849329),Meyers Leonard,11849329,PF/C/F/UTIL,3200,DAL@POR 12/23/2018 09:00PM ET,POR,13.27
,,,,,,,,,PF/C,Zach Collins (11849333),Zach Collins,11849333,PF/C/F/UTIL,3200,DAL@POR 12/23/2018 09:00PM ET,POR,16.40
,,,,,,,,,PF/C,Dirk Nowitzki (11849341),Dirk Nowitzki,11849341,PF/C/F/UTIL,3200,DAL@POR 12/23/2018 09:00PM ET,DAL,3.9
,,,,,,,,,SF/PF,Alfonzo McKinnie (11849308),Alfonzo McKinnie,11849308,SF/PF/F/UTIL,3200,LAC@GS 12/23/2018 08:30PM ET,GS,12.41
,,,,,,,,,PG/SG,Malik Monk (11849312),Malik Monk,11849312,PG/SG/G/UTIL,3200,CHA@BOS 12/23/2018 06:00PM ET,CHA,17.64
,,,,,,,,,SG/SF,Terrance Ferguson (11849316),Terrance Ferguson,11849316,SG/SF/F/G/UTIL,3200,MIN@OKC 12/23/2018 08:00PM ET,OKC,9.19
,,,,,,,,,PG/SG,Frank Mason III (11849337),Frank Mason III,11849337,PG/SG/G/UTIL,3200,NO@SAC 12/23/2018 06:00PM ET,SAC,12.23
,,,,,,,,,C,Joakim Noah (11849345),Joakim Noah,11849345,C/UTIL,3100,MEM@LAL 12/23/2018 09:30PM ET,MEM,12.03
,,,,,,,,,SG/SF,MarShon Brooks (11849347),MarShon Brooks,11849347,SG/SF/F/G/UTIL,3100,MEM@LAL 12/23/2018 09:30PM ET,MEM,10.92
,,,,,,,,,PF/C,Ivan Rabb (11849391),Ivan Rabb,11849391,PF/C/F/UTIL,3100,MEM@LAL 12/23/2018 09:30PM ET,MEM,6.93
,,,,,,,,,PF/C,Channing Frye (11849352),Channing Frye,11849352,PF/C/F/UTIL,3100,CHI@CLE 12/23/2018 06:00PM ET,CLE,6.06
,,,,,,,,,SG/SF,Nik Stauskas (11849356),Nik Stauskas,11849356,SG/SF/F/G/UTIL,3100,DAL@POR 12/23/2018 09:00PM ET,POR,12.30
,,,,,,,,,PF/C,Maxi Kleber (11849361),Maxi Kleber,11849361,PF/C/F/UTIL,3100,DAL@POR 12/23/2018 09:00PM ET,DAL,15.13
,,,,,,,,,SF/PF,Jake Layman (11849395),Jake Layman,11849395,SF/PF/F/UTIL,3100,DAL@POR 12/23/2018 09:00PM ET,POR,10.92
,,,,,,,,,PG,Quinn Cook (11849365),Quinn Cook,11849365,PG/G/UTIL,3100,LAC@GS 12/23/2018 08:30PM ET,GS,16.12
,,,,,,,,,PG,Shaun Livingston (11849368),Shaun Livingston,11849368,PG/G/UTIL,3100,LAC@GS 12/23/2018 08:30PM ET,GS,12.32
,,,,,,,,,SF/PF,Semi Ojeleye (11849371),Semi Ojeleye,11849371,SF/PF/F/UTIL,3100,CHA@BOS 12/23/2018 06:00PM ET,BOS,6.92
,,,,,,,,,PF/C,Frank Kaminsky (11849399),Frank Kaminsky,11849399,PF/C/F/UTIL,3100,CHA@BOS 12/23/2018 06:00PM ET,CHA,11.43
,,,,,,,,,SG/SF,Hamidou Diallo (11849375),Hamidou Diallo,11849375,SG/SF/F/G/UTIL,3100,MIN@OKC 12/23/2018 08:00PM ET,OKC,10.7
,,,,,,,,,PF/C,Patrick Patterson (11849380),Patrick Patterson,11849380,PF/C/F/UTIL,3100,MIN@OKC 12/23/2018 08:00PM ET,OKC,9.36
,,,,,,,,,SF/PF,Troy Williams (11849384),Troy Williams,11849384,SF/PF/F/UTIL,3100,NO@SAC 12/23/2018 06:00PM ET,SAC,12.54
,,,,,,,,,PG,Andrew Harrison (11849388),Andrew Harrison,11849388,PG/G/UTIL,3100,NO@SAC 12/23/2018 06:00PM ET,NO,7.26
,,,,,,,,,SF/PF,Yuta Watanabe (11849403),Yuta Watanabe,11849403,SF/PF/F/UTIL,3000,MEM@LAL 12/23/2018 09:30PM ET,MEM,3.92
,,,,,,,,,SG/SF,Dillon Brooks (11849407),Dillon Brooks,11849407,SG/SF/F/G/UTIL,3000,MEM@LAL 12/23/2018 09:30PM ET,MEM,12.89
,,,,,,,,,SF/PF,Chandler Parsons (11849412),Chandler Parsons,11849412,SF/PF/F/UTIL,3000,MEM@LAL 12/23/2018 09:30PM ET,MEM,9.83
,,,,,,,,,SG/SF,D.J. Stephens (11849416),D.J. Stephens,11849416,SG/SF/F/G/UTIL,3000,MEM@LAL 12/23/2018 09:30PM ET,MEM,3.5
,,,,,,,,,SF/PF,Michael Beasley (11849421),Michael Beasley,11849421,SF/PF/F/UTIL,3000,MEM@LAL 12/23/2018 09:30PM ET,LAL,6.7
,,,,,,,,,SG,Alex Caruso (11849425),Alex Caruso,11849425,SG/G/UTIL,3000,MEM@LAL 12/23/2018 09:30PM ET,LAL,0
,,,,,,,,,SG/SF,Svi Mykhailiuk (11849428),Svi Mykhailiuk,11849428,SG/SF/F/G/UTIL,3000,MEM@LAL 12/23/2018 09:30PM ET,LAL,6.54
,,,,,,,,,PF/C,Moritz Wagner (11849433),Moritz Wagner,11849433,PF/C/F/UTIL,3000,MEM@LAL 12/23/2018 09:30PM ET,LAL,6.97
,,,,,,,,,PF/C,Johnathan Williams (11849437),Johnathan Williams,11849437,PF/C/F/UTIL,3000,MEM@LAL 12/23/2018 09:30PM ET,LAL,10.38
,,,,,,,,,PG/SF,Isaac Bonga (11849441),Isaac Bonga,11849441,PG/SF/F/G/UTIL,3000,MEM@LAL 12/23/2018 09:30PM ET,LAL,4.1
,,,,,,,,,SG/SF,J.R. Smith (11849446),J.R. Smith,11849446,SG/SF/F/G/UTIL,3000,CHI@CLE 12/23/2018 06:00PM ET,CLE,14.23
,,,,,,,,,C,John Henson (11849451),John Henson,11849451,C/UTIL,3000,CHI@CLE 12/23/2018 06:00PM ET,CLE,16.02
,,,,,,,,,SF/PF,Jalen Jones (11849453),Jalen Jones,11849453,SF/PF/F/UTIL,3000,CHI@CLE 12/23/2018 06:00PM ET,CLE,6.67
,,,,,,,,,PG/SF,Denzel Valentine (11849457),Denzel Valentine,11849457,PG/SF/F/G/UTIL,3000,CHI@CLE 12/23/2018 06:00PM ET,CHI,0
,,,,,,,,,C,Cristiano Felicio (11849462),Cristiano Felicio,11849462,C/UTIL,3000,CHI@CLE 12/23/2018 06:00PM ET,CHI,8.75
,,,,,,,,,SF/PF,Chandler Hutchison (11849464),Chandler Hutchison,11849464,SF/PF/F/UTIL,3000,CHI@CLE 12/23/2018 06:00PM ET,CHI,10.70
,,,,,,,,,PG,Tyler Ulis (11849468),Tyler Ulis,11849468,PG/G/UTIL,3000,CHI@CLE 12/23/2018 06:00PM ET,CHI,0
,,,,,,,,,PG,Rawle Alkins (11849471),Rawle Alkins,11849471,PG/G/UTIL,3000,CHI@CLE 12/23/2018 06:00PM ET,CHI,6.25
,,,,,,,,,PG/SG,Antonio Blakeney (11849474),Antonio Blakeney,11849474,PG/SG/G/UTIL,3000,CHI@CLE 12/23/2018 06:00PM ET,CHI,12.92
,,,,,,,,,SG,Troy Caupain (11849478),Troy Caupain,11849478,SG/G/UTIL,3000,MIA@ORL 12/23/2018 06:00PM ET,ORL,0
,,,,,,,,,PF/C,Jarell Martin (11849481),Jarell Martin,11849481,PF/C/F/UTIL,3000,MIA@ORL 12/23/2018 06:00PM ET,ORL,6.04
,,,,,,,,,PF/C,Amile Jefferson (11849485),Amile Jefferson,11849485,PF/C/F/UTIL,3000,MIA@ORL 12/23/2018 06:00PM ET,ORL,0
,,,,,,,,,C,Timofey Mozgov (11849489),Timofey Mozgov,11849489,C/UTIL,3000,MIA@ORL 12/23/2018 06:00PM ET,ORL,0
,,,,,,,,,SG/SF,Melvin Frazier (11849491),Melvin Frazier,11849491,SG/SF/F/G/UTIL,3000,MIA@ORL 12/23/2018 06:00PM ET,ORL,0.92
,,,,,,,,,PG/SG,Isaiah Briscoe (11849496),Isaiah Briscoe,11849496,PG/SG/G/UTIL,3000,MIA@ORL 12/23/2018 06:00PM ET,ORL,3.54
,,,,,,,,,PF,Udonis Haslem (11849500),Udonis Haslem,11849500,PF/F/UTIL,3000,MIA@ORL 12/23/2018 06:00PM ET,MIA,3.08
,,,,,,,,,PF,Yante Maten (11849503),Yante Maten,11849503,PF/F/UTIL,3000,MIA@ORL 12/23/2018 06:00PM ET,MIA,0
,,,,,,,,,SG/SF,Duncan Robinson (11849506),Duncan Robinson,11849506,SG/SF/F/G/UTIL,3000,MIA@ORL 12/23/2018 06:00PM ET,MIA,3.81
,,,,,,,,,PF/C,Caleb Swanigan (11849511),Caleb Swanigan,11849511,PF/C/F/UTIL,3000,DAL@POR 12/23/2018 09:00PM ET,POR,7.08
,,,,,,,,,PG/SG,Wade Baldwin IV (11849515),Wade Baldwin IV,11849515,PG/SG/G/UTIL,3000,DAL@POR 12/23/2018 09:00PM ET,POR,3.7
,,,,,,,,,PG/SG,Anfernee Simons (11849519),Anfernee Simons,11849519,PG/SG/G/UTIL,3000,DAL@POR 12/23/2018 09:00PM ET,POR,3.45
,,,,,,,,,SG,Gary Trent Jr. (11849523),Gary Trent Jr.,11849523,SG/G/UTIL,3000,DAL@POR 12/23/2018 09:00PM ET,POR,5.17
,,,,,,,,,PG/SG,Daryl Macon (11849526),Daryl Macon,11849526,PG/SG/G/UTIL,3000,DAL@POR 12/23/2018 09:00PM ET,DAL,0
,,,,,,,,,SF/PF,Kostas Antetokounmpo (11849530),Kostas Antetokounmpo,11849530,SF/PF/F/UTIL,3000,DAL@POR 12/23/2018 09:00PM ET,DAL,0
,,,,,,,,,SG/SF,Ryan Broekhoff (11849534),Ryan Broekhoff,11849534,SG/SF/F/G/UTIL,3000,DAL@POR 12/23/2018 09:00PM ET,DAL,3.45
,,,,,,,,,C,Salah Mejri (11849539),Salah Mejri,11849539,C/UTIL,3000,DAL@POR 12/23/2018 09:00PM ET,DAL,6.12
,,,,,,,,,PF,Ray Spalding (11849541),Ray Spalding,11849541,PF/F/UTIL,3000,DAL@POR 12/23/2018 09:00PM ET,DAL,0
,,,,,,,,,PG/SG,Seth Curry (11849765),Seth Curry,11849765,PG/SG/G/UTIL,3000,DAL@POR 12/23/2018 09:00PM ET,POR,8.07
,,,,,,,,,PF/C,Ryan Anderson (11849544),Ryan Anderson,11849544,PF/C/F/UTIL,3000,PHO@BKN 12/23/2018 06:00PM ET,PHO,9.55
,,,,,,,,,SG/SF,George King (11849548),George King,11849548,SG/SF/F/G/UTIL,3000,PHO@BKN 12/23/2018 06:00PM ET,PHO,1.25
,,,,,,,,,PF/C,Eric Moreland (11849553),Eric Moreland,11849553,PF/C/F/UTIL,3000,PHO@BKN 12/23/2018 06:00PM ET,PHO,0
,,,,,,,,,PG,Jawun Evans (11849557),Jawun Evans,11849557,PG/G/UTIL,3000,PHO@BKN 12/23/2018 06:00PM ET,PHO,7.62
,,,,,,,,,PF/C,Dragan Bender (11849560),Dragan Bender,11849560,PF/C/F/UTIL,3000,PHO@BKN 12/23/2018 06:00PM ET,PHO,4.30
,,,,,,,,,PG,Elie Okobo (11849564),Elie Okobo,11849564,PG/G/UTIL,3000,PHO@BKN 12/23/2018 06:00PM ET,PHO,14.78
,,,,,,,,,PF/C,Kenneth Faried (11849567),Kenneth Faried,11849567,PF/C/F/UTIL,3000,PHO@BKN 12/23/2018 06:00PM ET,BKN,5.53
,,,,,,,,,SG/SF,Theo Pinson (11849571),Theo Pinson,11849571,SG/SF/F/G/UTIL,3000,PHO@BKN 12/23/2018 06:00PM ET,BKN,3.08
,,,,,,,,,SG/SF,Treveon Graham (11849576),Treveon Graham,11849576,SG/SF/F/G/UTIL,3000,PHO@BKN 12/23/2018 06:00PM ET,BKN,3.75
,,,,,,,,,C,Alan Williams (11849581),Alan Williams,11849581,C/UTIL,3000,PHO@BKN 12/23/2018 06:00PM ET,BKN,0
,,,,,,,,,SG/SF,Dzanan Musa (11849583),Dzanan Musa,11849583,SG/SF/F/G/UTIL,3000,PHO@BKN 12/23/2018 06:00PM ET,BKN,2.82
,,,,,,,,,SG,Troy Daniels (11849769),Troy Daniels,11849769,SG/G/UTIL,3000,PHO@BKN 12/23/2018 06:00PM ET,PHO,10.95
,,,,,,,,,SG,Jerome Robinson (11849588),Jerome Robinson,11849588,SG/G/UTIL,3000,LAC@GS 12/23/2018 08:30PM ET,LAC,4.32
,,,,,,,,,PG,Milos Teodosic (11849591),Milos Teodosic,11849591,PG/G/UTIL,3000,LAC@GS 12/23/2018 08:30PM ET,LAC,7.9
,,,,,,,,,SG/SF,Sindarius Thornwell (11849594),Sindarius Thornwell,11849594,SG/SF/F/G/UTIL,3000,LAC@GS 12/23/2018 08:30PM ET,LAC,4.52
,,,,,,,,,PF/C,Johnathan Motley (11849599),Johnathan Motley,11849599,PF/C/F/UTIL,3000,LAC@GS 12/23/2018 08:30PM ET,LAC,0
,,,,,,,,,C,Angel Delgado (11849603),Angel Delgado,11849603,C/UTIL,3000,LAC@GS 12/23/2018 08:30PM ET,LAC,0
,,,,,,,,,SF/PF,Luc Richard Mbah a Moute (11849605),Luc Richard Mbah a Moute,11849605,SF/PF/F/UTIL,3000,LAC@GS 12/23/2018 08:30PM ET,LAC,8.94
,,,,,,,,,PF/C,Jordan Bell (11849609),Jordan Bell,11849609,PF/C/F/UTIL,3000,LAC@GS 12/23/2018 08:30PM ET,GS,10.48
,,,,,,,,,SG/SF,Damion Lee (11849613),Damion Lee,11849613,SG/SF/F/G/UTIL,3000,LAC@GS 12/23/2018 08:30PM ET,GS,8.82
,,,,,,,,,C,Damian Jones (11849618),Damian Jones,11849618,C/UTIL,3000,LAC@GS 12/23/2018 08:30PM ET,GS,13.82
,,,,,,,,,SF,Marcus Derrickson (11849620),Marcus Derrickson,11849620,SF/F/UTIL,3000,LAC@GS 12/23/2018 08:30PM ET,GS,1.75
,,,,,,,,,SG/SF,Jacob Evans III (11849623),Jacob Evans III,11849623,SG/SF/F/G/UTIL,3000,LAC@GS 12/23/2018 08:30PM ET,GS,2.16
,,,,,,,,,C,Bismack Biyombo (11849628),Bismack Biyombo,11849628,C/UTIL,3000,CHA@BOS 12/23/2018 06:00PM ET,CHA,6.15
,,,,,,,,,PG/SG,Devonte' Graham (11849630),Devonte' Graham,11849630,PG/SG/G/UTIL,3000,CHA@BOS 12/23/2018 06:00PM ET,CHA,6.31
,,,,,,,,,PG,Joe Chealey (11849634),Joe Chealey,11849634,PG/G/UTIL,3000,CHA@BOS 12/23/2018 06:00PM ET,CHA,0
,,,,,,,,,SG/SF,Dwayne Bacon (11849637),Dwayne Bacon,11849637,SG/SF/F/G/UTIL,3000,CHA@BOS 12/23/2018 06:00PM ET,CHA,10.42
,,,,,,,,,SG,J.P. Macura (11849642),J.P. Macura,11849642,SG/G/UTIL,3000,CHA@BOS 12/23/2018 06:00PM ET,CHA,0
,,,,,,,,,SG/SF,Jabari Bird (11849645),Jabari Bird,11849645,SG/SF/F/G/UTIL,3000,CHA@BOS 12/23/2018 06:00PM ET,BOS,0
,,,,,,,,,PG/SG,Brad Wanamaker (11849650),Brad Wanamaker,11849650,PG/SG/G/UTIL,3000,CHA@BOS 12/23/2018 06:00PM ET,BOS,6.52
,,,,,,,,,PF/C,Guerschon Yabusele (11849654),Guerschon Yabusele,11849654,PF/C/F/UTIL,3000,CHA@BOS 12/23/2018 06:00PM ET,BOS,4.96
,,,,,,,,,PG/SG,PJ Dozier (11849658),PJ Dozier,11849658,PG/SG/G/UTIL,3000,CHA@BOS 12/23/2018 06:00PM ET,BOS,6.25
,,,,,,,,,PG/SG,Raymond Felton (11849662),Raymond Felton,11849662,PG/SG/G/UTIL,3000,MIN@OKC 12/23/2018 08:00PM ET,OKC,10.77
,,,,,,,,,SG/SF,Andre Roberson (11849666),Andre Roberson,11849666,SG/SF/F/G/UTIL,3000,MIN@OKC 12/23/2018 08:00PM ET,OKC,0
,,,,,,,,,SG/SF,Alex Abrines (11849671),Alex Abrines,11849671,SG/SF/F/G/UTIL,3000,MIN@OKC 12/23/2018 08:00PM ET,OKC,10.61
,,,,,,,,,PG/SG,Deonte Burton (11849676),Deonte Burton,11849676,PG/SG/G/UTIL,3000,MIN@OKC 12/23/2018 08:00PM ET,OKC,6.07
,,,,,,,,,PF,Abdel Nader (11849680),Abdel Nader,11849680,PF/F/UTIL,3000,MIN@OKC 12/23/2018 08:00PM ET,OKC,2.62
,,,,,,,,,PF/C,Tyler Davis (11849683),Tyler Davis,11849683,PF/C/F/UTIL,3000,MIN@OKC 12/23/2018 08:00PM ET,OKC,1.25
,,,,,,,,,SG/SF,Timothe Luwawu-Cabarrot (11849687),Timothe Luwawu-Cabarrot,11849687,SG/SF/F/G/UTIL,3000,MIN@OKC 12/23/2018 08:00PM ET,OKC,4.25
,,,,,,,,,SG/SF,James Nunnally (11849692),James Nunnally,11849692,SG/SF/F/G/UTIL,3000,MIN@OKC 12/23/2018 08:00PM ET,MIN,4.35
,,,,,,,,,SG/SF,C.J. Williams (11849697),C.J. Williams,11849697,SG/SF/F/G/UTIL,3000,MIN@OKC 12/23/2018 08:00PM ET,MIN,3.5
,,,,,,,,,PG/SG,Jerryd Bayless (11849702),Jerryd Bayless,11849702,PG/SG/G/UTIL,3000,MIN@OKC 12/23/2018 08:00PM ET,MIN,13.5
,,,,,,,,,SF/PF,Luol Deng (11849706),Luol Deng,11849706,SF/PF/F/UTIL,3000,MIN@OKC 12/23/2018 08:00PM ET,MIN,8.88
,,,,,,,,,SF/PF,Anthony Tolliver (11849710),Anthony Tolliver,11849710,SF/PF/F/UTIL,3000,MIN@OKC 12/23/2018 08:00PM ET,MIN,10.47
,,,,,,,,,PG,Jared Terrell (11849714),Jared Terrell,11849714,PG/G/UTIL,3000,MIN@OKC 12/23/2018 08:00PM ET,MIN,12.25
,,,,,,,,,SF/PF,Keita Bates-Diop (11849717),Keita Bates-Diop,11849717,SF/PF/F/UTIL,3000,MIN@OKC 12/23/2018 08:00PM ET,MIN,4.88
,,,,,,,,,SG/SF,Ben McLemore (11849721),Ben McLemore,11849721,SG/SF/F/G/UTIL,3000,NO@SAC 12/23/2018 06:00PM ET,SAC,4.38
,,,,,,,,,PF/C,Zach Randolph (11849726),Zach Randolph,11849726,PF/C/F/UTIL,3000,NO@SAC 12/23/2018 06:00PM ET,SAC,0
,,,,,,,,,SF/PF,Wenyen Gabriel (11849730),Wenyen Gabriel,11849730,SF/PF/F/UTIL,3000,NO@SAC 12/23/2018 06:00PM ET,SAC,0
,,,,,,,,,PF/C,Harry Giles (11849734),Harry Giles,11849734,PF/C/F/UTIL,3000,NO@SAC 12/23/2018 06:00PM ET,SAC,11.56
,,,,,,,,,PF/C,Skal Labissiere (11849738),Skal Labissiere,11849738,PF/C/F/UTIL,3000,NO@SAC 12/23/2018 06:00PM ET,SAC,6.97
,,,,,,,,,SG/SF,Trevon Bluiett (11849742),Trevon Bluiett,11849742,SG/SF/F/G/UTIL,3000,NO@SAC 12/23/2018 06:00PM ET,NO,0
,,,,,,,,,SG/SF,Kenrich Williams (11849747),Kenrich Williams,11849747,SG/SF/F/G/UTIL,3000,NO@SAC 12/23/2018 06:00PM ET,NO,2.78
,,,,,,,,,PG/SG,Ian Clark (11849752),Ian Clark,11849752,PG/SG/G/UTIL,3000,NO@SAC 12/23/2018 06:00PM ET,NO,8.24
,,,,,,,,,SG/SF,Wesley Johnson (11849756),Wesley Johnson,11849756,SG/SF/F/G/UTIL,3000,NO@SAC 12/23/2018 06:00PM ET,NO,9.96
,,,,,,,,,PG/SG,Frank Jackson (11849761),Frank Jackson,11849761,PG/SG/G/UTIL,3000,NO@SAC 12/23/2018 06:00PM ET,NO,6.16
